entry;word;type
1;fairy;homophobic
2;gay;homophobic
3;c0cksucker;homophobic
4;sucker;homophobic
5;cockmunch;homophobic
6;cocksuck;homophobic
7;cocksucks;homophobic
8;cocksuka;homophobic
9;cocksukka;homophobic
10;cokmuncher;homophobic
11;coksucka;homophobic
12;dykes;homophobic
13;fag;homophobic
14;fagging;homophobic
15;faggitt;homophobic
16;faggs;homophobic
17;fagots;homophobic
18;fags;homophobic
19;fannyfucker;homophobic
20;fingerfucker;homophobic
21;fistfuckers;homophobic
22;fudgepacker;homophobic
23;gaysex;homophobic
24;nob;homophobic
25;jokey;homophobic
26;nobhead;homophobic
27;nobjocky;homophobic
28;nobjokey;homophobic
29;queer;homophobic
30;queers;homophobic
31;rimjaw;homophobic
32;alla;hostile language
33;dickface;hostile language
34;fatass;hostile language
35;fuckface;hostile language
36;lardass;hostile language
37;assface;hostile language
38;asshat;hostile language
39;bitchin;hostile language
40;buttface;hostile language
41;clitface;hostile language
42;cumquat;hostile language
43;dum;hostile language
44;dumb;hostile language
45;fuckedup;hostile language
46;fuckin;hostile language
47;fuckinnuts;hostile language
48;fuckinright;hostile language
49;jackass;hostile language
50;shitface;hostile language
51;demon;hostile language
52;demonrats;hostile language
53;dickwad;hostile language
54;asshead;hostile language
55;assshit;hostile language
56;asswipe;hostile language
57;boang;hostile language
58;cockhead;hostile language
59;dickbrain;hostile language
60;dickweed;hostile language
61;dink;hostile language
62;dipstick;hostile language
63;douchebag;hostile language
64;dumbass;hostile language
65;dumbbitch;hostile language
66;dumbfuck;hostile language
67;fuckhead;hostile language
68;fucktard;hostile language
69;moron;hostile language
70;retard;hostile language
71;shitfaced;hostile language
72;shithead;hostile language
73;shitspitter;hostile language
74;turd;hostile language
75;tard;hostile language
76;wuss;hostile language
77;assbag;hostile language
78;dipshit;hostile language
79;douche;hostile language
80;idiot;hostile language
81;failure;hostile language
82;fuc;hostile language
83;pos;hostile language
84;scumbag;hostile language
85;b17ch;hostile language
86;b1tch;hostile language
87;beat;hostile language
88;biatch;hostile language
89;bitchers;hostile language
90;bitches;hostile language
91;blockhead;hostile language
92;blockheads;hostile language
93;bogan;hostile language
94;bogans;hostile language
95;butterhead;hostile language
96;butterheads;hostile language
97;chav;hostile language
98;chavs;hostile language
99;conchuda;hostile language
100;conchudas;hostile language
101;cunts;hostile language
102;dingo;hostile language
103;entrap;hostile language
104;extort;hostile language
105;gash;hostile language
106;gashes;hostile language
107;hayseed;hostile language
108;hick;hostile language
109;hicks;hostile language
110;ho;hostile language
111;hoar;hostile language
112;hoare;hostile language
113;hoe;hostile language
114;hoer;hostile language
115;hoes;hostile language
116;hoodrat;hostile language
117;hoodrats;hostile language
118;hos;hostile language
119;hurt;hostile language
120;idiots;hostile language
121;intimidate;hostile language
122;l3i;hostile language
123;l3itch;hostile language
124;menace;hostile language
125;mock;hostile language
126;mocks;hostile language
127;mothafuck;hostile language
128;mothafuckas;hostile language
129;mothafuckaz;hostile language
130;mothafucked;hostile language
131;mothafucker;hostile language
132;mothafuckers;hostile language
133;mothafucks;hostile language
134;motherfuck;hostile language
135;motherfucked;hostile language
136;motherfuckers;hostile language
137;motherfuckings;hostile language
138;motherfuckka;hostile language
139;motherfucks;hostile language
140;muthafecker;hostile language
141;muthafuckker;hostile language
142;mutherfucker;hostile language
143;palefaces;hostile language
144;pohms;hostile language
145;punish;hostile language
146;pusse;hostile language
147;pussi;hostile language
148;pussys;hostile language
149;rednecks;hostile language
150;retarded;hostile language
151;russellite;hostile language
152;russellites;hostile language
153;scag;hostile language
154;scags;hostile language
155;seppos;hostile language
156;sheepfucker;hostile language
157;sheepfuckers;hostile language
158;shit;hostile language
159;skag;hostile language
160;skags;hostile language
161;slag;hostile language
162;slags;hostile language
163;slit;hostile language
164;slits;hostile language
165;smear;hostile language
166;subhuman;hostile language
167;subhumans;hostile language
168;terrorize;hostile language
169;threaten;hostile language
170;thrust;hostile language
171;tw4t;hostile language
172;twathead;hostile language
173;twats;hostile language
174;twatty;hostile language
175;twunt;hostile language
176;twunter;hostile language
177;wasps;hostile language
178;whities;hostile language
179;whoar;hostile language
180;whores;hostile language
181;beta;incel and antiFeminism
182;mra;incel and antiFeminism
183;normie;incel and antiFeminism
184;blackops2cel;incel and antiFeminism
185;blackpill;incel and antiFeminism
186;chad;incel and antiFeminism
187;cope;incel and antiFeminism
188;cuck;incel and antiFeminism
189;currycel;incel and antiFeminism
190;fakecel;incel and antiFeminism
191;friendless;incel and antiFeminism
192;gymcel;incel and antiFeminism
193;handholdless;incel and antiFeminism
194;heightcel;incel and antiFeminism
195;hugless;incel and antiFeminism
196;hypergamy;incel and antiFeminism
197;incel;incel and antiFeminism
198;jbw;incel and antiFeminism
199;jfl;incel and antiFeminism
200;kissless;incel and antiFeminism
201;kthhfv;incel and antiFeminism
202;ldar;incel and antiFeminism
203;looksmatch;incel and antiFeminism
204;looksmaxx;incel and antiFeminism
205;meeks;incel and antiFeminism
206;mogs;incel and antiFeminism
207;redpill;incel and antiFeminism
208;ricecel;incel and antiFeminism
209;rope;incel and antiFeminism
210;touchless;incel and antiFeminism
211;truecel;incel and antiFeminism
212;tyrone;incel and antiFeminism
213;volcel;incel and antiFeminism
214;wagecel;incel and antiFeminism
215;wristcel;incel and antiFeminism
216;feminazi;incel and antiFeminism
217;sjw;incel and antiFeminism
218;sjw's;incel and antiFeminism
219;sjws;incel and antiFeminism
220;antifeminism;incel and antiFeminism
221;mgtow;incel and antiFeminism
222;antifeminist;incel and antiFeminism
223;pussypass;incel and antiFeminism
224;whitelivesmatter;incel and antiFeminism
225;gamersriseup;incel and antiFeminism
226;awalt;incel and antiFeminism
227;ewalt;incel and antiFeminism
228;minassian;incel and antiFeminism
229;femoid;incel and antiFeminism
230;pua;incel and antiFeminism
231;leftist;political
232;libtards;political
233;propaganda;political
234;rino;political
235;snowflake;political
236;troll;political
237;coon;racism
238;blackman;racism
239;eskimo;racism
240;ethiopian;racism
241;indian;racism
242;negress;racism
243;asian;racism
244;redneck;racism
245;towelhead;racism
246;abbo;racism
247;abo;racism
248;african;racism
249;forklift;racism
250;arab;racism
251;argie;racism
252;assnigger;racism
253;beaner;racism
254;bohunk;racism
255;boong;racism
256;bounty;racism
257;jockey;racism
258;canadian;racism
259;canuck;racism
260;chinaman;racism
261;chinc;racism
262;chink;racism
263;chinky;racism
264;clog;racism
265;wog;racism
266;cocknose;racism
267;colored;racism
268;coloured;racism
269;coolie;racism
270;coolies;racism
271;cracker;racism
272;cunteyed;racism
273;dago;racism
274;darkie;racism
275;darky;racism
276;ethnic;racism
277;filipina;racism
278;filipino;racism
279;fok;racism
280;frog;racism
281;gipsy;racism
282;gook;racism
283;goy;racism
284;goyim;racism
285;greaseball;racism
286;gringo;racism
287;guido;racism
288;gypsy;racism
289;halfbreed;racism
290;halfcaste;racism
291;haole;racism
292;hapa;racism
293;hebe;racism
294;heeb;racism
295;hillbilly;racism
296;hindoo;racism
297;hodgie;racism
298;honkey;racism
299;honky;racism
300;hore;racism
301;injun;racism
302;jap;racism
303;jerry;racism
304;jiga;racism
305;jigaboo;racism
306;jigga;racism
307;jijjiboo;racism
308;jimfish;racism
309;jock;racism
310;junglebunny;racism
311;kaffir;racism
312;kafir;racism
313;kike;racism
314;kraut;racism
315;kyke;racism
316;makwerekwere;racism
317;mammy;racism
318;mick;racism
319;mooncricket;racism
320;mosshead;racism
321;mulatto;racism
322;negro;racism
323;negros;racism
324;negroes;racism
325;negroid;racism
326;nig;racism
327;nigaboo;racism
328;niger;racism
329;nigg;racism
330;nigga;racism
331;niggah;racism
332;niggaz;racism
333;niggers;racism
334;nigger;racism
335;niggor;racism
336;niggur;racism
337;niglet;racism
338;nignog;racism
339;nigr;racism
340;nigra;racism
341;nigre;racism
342;nlgger;racism
343;nlggor;racism
344;nonwhite;racism
345;oriental;racism
346;paddy;racism
347;pakeha;racism
348;paki;racism
349;paleface;racism
350;peckerwood;racism
351;picaninny;racism
352;pickaninny;racism
353;pocho;racism
354;pocohantas;racism
355;pohm;racism
356;polack;racism
357;pollock;racism
358;pommy;racism
359;porch;racism
360;monkey;racism
361;porchmonkey;racism
362;primitive;racism
363;pygmy;racism
364;racist;racism
365;raghead;racism
366;redskin;racism
367;ruski;racism
368;sandnigger;racism
369;savage;racism
370;seppo;racism
371;snownigger;racism
372;spade;racism
373;spaghettibender;racism
374;spaghettinigger;racism
375;spic;racism
376;spick;racism
377;spook;racism
378;squaw;racism
379;taffy;racism
380;timbernigger;racism
381;trailertrash;racism
382;wasp;racism
383;waspy;racism
384;wetback;racism
385;whigger;racism
386;whitenigger;racism
387;whitey;racism
388;wop;racism
389;yank;racism
390;yankee;racism
391;yellowman;racism
392;yid;racism
393;zigabo;racism
394;zipperhead;racism
395;abbos;racism
396;abos;racism
397;catfish;racism
398;catfishes;racism
399;africoon;racism
400;africoons;racism
401;afro;racism
402;saxon;racism
403;saxons;racism
404;albino;racism
405;albinos;racism
406;baits;racism
407;americoon;racism
408;americoons;racism
409;amo;racism
410;amos;racism
411;anglo;racism
412;anglos;racism
413;argies;racism
414;armo;racism
415;armos;racism
416;jemima;racism
417;jemimas;racism
418;bamboo;racism
419;coons;racism
420;banana;racism
421;bender;racism
422;benders;racism
423;lander;racism
424;landers;racism
425;dipper;racism
426;dippers;racism
427;shnitzel;racism
428;shnitzels;racism
429;beaners;racism
430;beaney;racism
431;beanies;racism
432;bhrempti;racism
433;bhremptis;racism
434;bix;racism
435;nood;racism
436;noods;racism
437;barbie;racism
438;barbies;racism
439;dagos;racism
440;blaxican;racism
441;blaxicans;racism
442;bluegum;racism
443;bluegums;racism
444;bog;racism
445;hopper;racism
446;hoppers;racism
447;irish;racism
448;irishes;racism
449;jumper;racism
450;jumpers;racism
451;trotter;racism
452;trotters;racism
453;booner;racism
454;booners;racism
455;boongas;racism
456;boongs;racism
457;boonie;racism
458;boonies;racism
459;border;racism
460;bunnies;racism
461;bunny;racism
462;buckethead;racism
463;bucketheads;racism
464;buckra;racism
465;buckras;racism
466;buckwheat;racism
467;buckwheats;racism
468;buddhahead;racism
469;buddhaheads;racism
470;buffie;racism
471;buffies;racism
472;buk;racism
473;buks;racism
474;bung;racism
475;bungas;racism
476;bungs;racism
477;burrhead;racism
478;burrheads;racism
479;cowboies;racism
480;humper;racism
481;humpers;racism
482;jackers;racism
483;pilot;racism
484;pilots;racism
485;carrot;racism
486;snapper;racism
487;snappers;racism
488;caublasian;racism
489;caublasians;racism
490;charva;racism
491;charvas;racism
492;chigger;racism
493;chiggers;racism
494;chinese;racism
495;wetbacks;racism
496;ching;racism
497;chong;racism
498;chongs;racism
499;chinig;racism
500;chinigs;racism
501;billies;racism
502;billy;racism
503;chinks;racism
504;christkillers;racism
505;christkiller;racism
506;chug;racism
507;chugs;racism
508;clamhead;racism
509;clamheads;racism
510;crackers;racism
511;stinker;racism
512;stinkers;racism
513;cushi;racism
514;cushis;racism
515;cushite;racism
516;cushites;racism
517;darkey;racism
518;darkies;racism
519;dego;racism
520;degos;racism
521;diaperhead;racism
522;dinge;racism
523;dinges;racism
524;dogun;racism
525;doguns;racism
526;eyetie;racism
527;eyeties;racism
528;fob;racism
529;fobs;racism
530;fog;racism
531;gator;racism
532;gerudo;racism
533;gerudos;racism
534;gew;racism
535;gews;racism
536;ghetto;racism
537;hamster;racism
538;hamsters;racism
539;ginzo;racism
540;ginzos;racism
541;gipp;racism
542;gippo;racism
543;gippos;racism
544;gipps;racism
545;golliwog;racism
546;golliwogs;racism
547;gookies;racism
548;gooks;racism
549;gooky;racism
550;greaser;racism
551;greasers;racism
552;groid;racism
553;groids;racism
554;guala;racism
555;gualas;racism
556;gub;racism
557;gubba;racism
558;gubbas;racism
559;gubs;racism
560;guidos;racism
561;gurrier;racism
562;gurriers;racism
563;gwat;racism
564;gwats;racism
565;gyppie;racism
566;gyppies;racism
567;gyppy;racism
568;hairyback;racism
569;hairybacks;racism
570;halfrican;racism
571;halfricans;racism
572;hebes;racism
573;hebro;racism
574;hebros;racism
575;heebs;racism
576;heinie;racism
577;heinies;racism
578;higger;racism
579;higgers;racism
580;honyak;racism
581;honyaks;racism
582;honyock;racism
583;honyocks;racism
584;hoosier;racism
585;hoosiers;racism
586;hun;racism
587;hunkie;racism
588;hunkies;racism
589;hunky;racism
590;huns;racism
591;hunyak;racism
592;hunyaks;racism
593;hunyock;racism
594;hunyocks;racism
595;hymie;racism
596;hymies;racism
597;monkies;racism
598;ike;racism
599;ikes;racism
600;ikey;racism
601;ikies;racism
602;iky;racism
603;injuns;racism
604;jant;racism
605;jants;racism
606;japie;racism
607;japies;racism
608;japs;racism
609;jewbacca;racism
610;jewbaccas;racism
611;jhant;racism
612;jhants;racism
613;jig;racism
614;jigarooni;racism
615;jigaroonis;racism
616;jigg;racism
617;jiggabos;racism
618;jiggas;racism
619;jigger;racism
620;jiggers;racism
621;jiggs;racism
622;jigs;racism
623;jijjiboos;racism
624;jockie;racism
625;jocky;racism
626;khazar;racism
627;khazars;racism
628;kikes;racism
629;kotiya;racism
630;kotiyas;racism
631;krauts;racism
632;kushi;racism
633;kushis;racism
634;kushite;racism
635;kushites;racism
636;kykes;racism
637;latrino;racism
638;latrinos;racism
639;lawn;racism
640;leb;racism
641;lebbo;racism
642;lebbos;racism
643;lebs;racism
644;lemonhead;racism
645;lemonheads;racism
646;leprechaun;racism
647;leprechauns;racism
648;ling;racism
649;lings;racism
650;lowlander;racism
651;lowlanders;racism
652;lubra;racism
653;lubras;racism
654;lugan;racism
655;lugans;racism
656;mangia;racism
657;micks;racism
658;mockey;racism
659;mockie;racism
660;mockies;racism
661;mocky;racism
662;moke;racism
663;mokes;racism
664;mokies;racism
665;moky;racism
666;mook;racism
667;mooks;racism
668;moss;racism
669;mossheads;racism
670;moulie;racism
671;moulies;racism
672;moulignon;racism
673;moulignons;racism
674;moulinyan;racism
675;moulinyans;racism
676;mudslime;racism
677;muk;racism
678;muks;racism
679;muktuk;racism
680;muktuks;racism
681;mulato;racism
682;mulatos;racism
683;mulignan;racism
684;mulignans;racism
685;mutt;racism
686;mutts;racism
687;n1gga;racism
688;n1gger;racism
689;negros;racism
690;nichi;racism
691;nichis;racism
692;nichiwa;racism
693;nichiwas;racism
694;nigar;racism
695;nigars;racism
696;nigers;racism
697;nigette;racism
698;nigettes;racism
699;nigg3r;racism
700;nigg4h;racism
701;niggas;racism
702;niggors;racism
703;nigor;racism
704;nigors;racism
705;nigras;racism
706;nigres;racism
707;nitchee;racism
708;nitchees;racism
709;nitchie;racism
710;nitchies;racism
711;nitchy;racism
712;ocker;racism
713;ockers;racism
714;octaroon;racism
715;octaroons;racism
716;ofaies;racism
717;ofay;racism
718;orientals;racism
719;paddies;racism
720;pakis;racism
721;papist;racism
722;papists;racism
723;pickaninnies;racism
724;piker;racism
725;pikers;racism
726;pikies;racism
727;piky;racism
728;pineapple;racism
729;ping;racism
730;pang;racism
731;pangs;racism
732;pogue;racism
733;pogues;racism
734;polacks;racism
735;popolo;racism
736;popolos;racism
737;poppadom;racism
738;poppadoms;racism
739;prairie;racism
740;proddy;racism
741;proddywhoddies;racism
742;proddywhoddy;racism
743;proddywoddies;racism
744;proddywoddy;racism
745;quadroon;racism
746;quadroons;racism
747;redlegs;racism
748;redskins;racism
749;roofucker;racism
750;roofuckers;racism
751;roundeye;racism
752;roundeyes;racism
753;sambo;racism
754;sambos;racism
755;sandnigger;racism
756;niggerette;racism
757;niggerettes;racism
758;scallie;racism
759;scallies;racism
760;scally;racism
761;scanger;racism
762;scangers;racism
763;semihole;racism
764;semiholes;racism
765;senga;racism
766;sengas;racism
767;shanty;racism
768;sheister;racism
769;sheisters;racism
770;sheltas;racism
771;shylock;racism
772;shylocks;racism
773;shyster;racism
774;shysters;racism
775;skanger;racism
776;skangers;racism
777;slants;racism
778;slopehead;racism
779;slopeheads;racism
780;slopies;racism
781;sooties;racism
782;sooty;racism
783;spickaboo;racism
784;spickaboos;racism
785;spicks;racism
786;spics;racism
787;spide;racism
788;spides;racism
789;spig;racism
790;spigger;racism
791;spiggers;racism
792;spigotties;racism
793;spigotty;racism
794;spigs;racism
795;spik;racism
796;spiks;racism
797;spink;racism
798;spinks;racism
799;spiv;racism
800;spivs;racism
801;spooks;racism
802;squaws;racism
803;steek;racism
804;steeks;racism
805;stump;racism
806;teabagger;racism
807;teabaggers;racism
808;thicklips;racism
809;timber;racism
810;tinkard;racism
811;tinkards;racism
812;tyncar;racism
813;tyncars;racism
814;tynekere;racism
815;tynekeres;racism
816;tynkard;racism
817;tynkards;racism
818;tynkare;racism
819;tynkares;racism
820;tynker;racism
821;tynkere;racism
822;tynkeres;racism
823;tynkers;racism
824;uncircumcised;racism
825;baboon;racism
826;baboons;racism
827;wexican;racism
828;wexicans;racism
829;wiggerette;racism
830;wiggerettes;racism
831;wogs;racism
832;wops;racism
833;zigabos;racism
834;zipperheads;racism
835;zippohead;racism
836;zippoheads;racism
837;zog;racism
838;zogs;racism
839;cooter;racism
840;cooters;racism
841;ass;sexual
842;chesticles;sexual
843;cuntface;sexual
844;skank;sexual
845;assbite;sexual
846;asscock;sexual
847;asses;sexual
848;asshole;sexual
849;babe;sexual
850;baby;sexual
851;boob;sexual
852;bra;sexual
853;breast;sexual
854;buggered;sexual
855;clitoris;sexual
856;coitus;sexual
857;copulate;sexual
858;dickless;sexual
859;fuck;sexual
860;jiggy;sexual
861;munging;sexual
862;randy;sexual
863;scrotum;sexual
864;cockbite;sexual
865;cockmuncher;sexual
866;cocksucker;sexual
867;anal;sexual
868;anus;sexual
869;arse;sexual
870;amateur;sexual
871;analannie;sexual
872;angie;sexual
873;aroused;sexual
874;assblaster;sexual
875;cowboy;sexual
876;jacker;sexual
877;assman;sexual
878;assranger;sexual
879;whore;sexual
880;assinate;sexual
881;jabber;sexual
882;assbandit;sexual
883;assbanger;sexual
884;assfuck;sexual
885;assfucker;sexual
886;asshopper;sexual
887;assklown;sexual
888;asslick;sexual
889;asslicker;sexual
890;asspacker;sexual
891;asspuppy;sexual
892;asssucker;sexual
893;backdoor;sexual
894;ball;sexual
895;licker;sexual
896;balls;sexual
897;banging;sexual
898;bastard;sexual
899;beastiality;sexual
900;beaver;sexual
901;butt;sexual
902;bitch;sexual
903;bitcher;sexual
904;bitchtits;sexual
905;blowjob;sexual
906;bomd;sexual
907;boobies;sexual
908;boobs;sexual
909;boonga;sexual
910;brea5t;sexual
911;brothel;sexual
912;brotherfucker;sexual
913;buggery;sexual
914;bulldike;sexual
915;bulldyke;sexual
916;bumblefuck;sexual
917;bunga;sexual
918;bunghole;sexual
919;butchdyke;sexual
920;fucker;sexual
921;buttbang;sexual
922;buttfuck;sexual
923;buttfucka;sexual
924;butthead;sexual
925;buttpirate;sexual
926;byatch;sexual
927;carpetmuncher;sexual
928;muncher;sexual
929;chin;sexual
930;chode;sexual
931;clam;sexual
932;clit;sexual
933;clitfuck;sexual
934;knob;sexual
935;smoke;sexual
936;suck;sexual
937;cockblocker;sexual
938;cockmaster;sexual
939;cockmongler;sexual
940;cocknugget;sexual
941;cockqueen;sexual
942;cockrider;sexual
943;cocksman;sexual
944;cocksmith;sexual
945;cocksmoker;sexual
946;cocksniffer;sexual
947;cocksucked;sexual
948;cocksucking;sexual
949;coochie;sexual
950;coochy;sexual
951;coondog;sexual
952;cornhole;sexual
953;crotchrot;sexual
954;cum;sexual
955;guzzler;sexual
956;tart;sexual
957;cumdumpster;sexual
958;cummer;sexual
959;cumming;sexual
960;cumqueen;sexual
961;cumshot;sexual
962;cunilingus;sexual
963;cunnilingus;sexual
964;cunt;sexual
965;rag;sexual
966;cuntass;sexual
967;cuntfuck;sexual
968;cuntfucker;sexual
969;cunthole;sexual
970;cuntlick;sexual
971;cuntlicker;sexual
972;cuntlicking;sexual
973;deepthroat;sexual
974;dick;sexual
975;weasel;sexual
976;wod;sexual
977;dickbag;sexual
978;dickfuck;sexual
979;dickfucker;sexual
980;dicklick;sexual
981;dickman;sexual
982;dickmonger;sexual
983;dickslap;sexual
984;dicksucker;sexual
985;dicksucking;sexual
986;dicktickler;sexual
987;dix;sexual
988;doggystyle;sexual
989;dyke;sexual
990;pussy;sexual
991;ejaculate;sexual
992;ejaculating;sexual
993;enema;sexual
994;erection;sexual
995;escort;sexual
996;fagfucker;sexual
997;faggot;sexual
998;fagot;sexual
999;fanny;sexual
1000;fastfuck;sexual
1001;felatio;sexual
1002;felch;sexual
1003;felcher;sexual
1004;felching;sexual
1005;fellatio;sexual
1006;feltcher;sexual
1007;feltching;sexual
1008;fingerfuckers;sexual
1009;fingerfucking;sexual
1010;fist;sexual
1011;fucked;sexual
1012;fistfucker;sexual
1013;fistfucking;sexual
1014;fisting;sexual
1015;flange;sexual
1016;foot;sexual
1017;footfucker;sexual
1018;foursome;sexual
1019;fu;sexual
1020;fucka;sexual
1021;fuckable;sexual
1022;fuckass;sexual
1023;fuckbag;sexual
1024;fuckboy;sexual
1025;fuckbrain;sexual
1026;fuckbuddy;sexual
1027;fuckers;sexual
1028;fuckersucker;sexual
1029;fuckfest;sexual
1030;fuckfreak;sexual
1031;fuckfriend;sexual
1032;fuckher;sexual
1033;fuckina;sexual
1034;fucking;sexual
1035;fuckingbitch;sexual
1036;fuckit;sexual
1037;fuckknob;sexual
1038;fuckme;sexual
1039;fuckmehard;sexual
1040;fuckmonkey;sexual
1041;fuckpig;sexual
1042;fuckup;sexual
1043;fuckwhore;sexual
1044;fuckyou;sexual
1045;fudge;sexual
1046;packer;sexual
1047;fugly;sexual
1048;funfuck;sexual
1049;gangbang;sexual
1050;gangbanger;sexual
1051;gayass;sexual
1052;gaybob;sexual
1053;gaydo;sexual
1054;gayfuck;sexual
1055;gayfuckist;sexual
1056;gaylord;sexual
1057;gaytard;sexual
1058;gaywad;sexual
1059;genitals;sexual
1060;goddamn;sexual
1061;goldenshower;sexual
1062;gooch;sexual
1063;handjob;sexual
1064;harem;sexual
1065;headfuck;sexual
1066;henig;sexual
1067;heterosexual;sexual
1068;homo;sexual
1069;homosexual;sexual
1070;hotpussy;sexual
1071;humping;sexual
1072;hussy;sexual
1073;hymen;sexual
1074;incest;sexual
1075;insest;sexual
1076;intheass;sexual
1077;inthebuff;sexual
1078;jiggabo;sexual
1079;jism;sexual
1080;jiz;sexual
1081;jizim;sexual
1082;jizjuice;sexual
1083;jizm;sexual
1084;jizzim;sexual
1085;jizzum;sexual
1086;jugs;sexual
1087;kaffer;sexual
1088;kaffre;sexual
1089;kanake;sexual
1090;kinky;sexual
1091;kissass;sexual
1092;kondum;sexual
1093;kooch;sexual
1094;kootch;sexual
1095;kum;sexual
1096;kunilingus;sexual
1097;kunnilingus;sexual
1098;kunt;sexual
1099;lapdance;sexual
1100;lesbain;sexual
1101;lesbayn;sexual
1102;lesbin;sexual
1103;lez;sexual
1104;lezbe;sexual
1105;lezbefriends;sexual
1106;lezbo;sexual
1107;lezz;sexual
1108;lezzie;sexual
1109;lezzo;sexual
1110;libido;sexual
1111;limpdick;sexual
1112;livesex;sexual
1113;loadedgun;sexual
1114;lolita;sexual
1115;lovebone;sexual
1116;lovejuice;sexual
1117;lovemuscle;sexual
1118;lubejob;sexual
1119;mastabate;sexual
1120;mastabater;sexual
1121;masterbate;sexual
1122;masterblaster;sexual
1123;mastrabator;sexual
1124;masturbate;sexual
1125;masturbating;sexual
1126;milf;sexual
1127;minge;sexual
1128;molest;sexual
1129;molestation;sexual
1130;molester;sexual
1131;molestor;sexual
1132;moneyshot;sexual
1133;mothafucka;sexual
1134;mothafuckin;sexual
1135;motherfucker;sexual
1136;motherfucking;sexual
1137;muffdive;sexual
1138;muffindiver;sexual
1139;mufflikcer;sexual
1140;nipple;sexual
1141;nittit;sexual
1142;nookey;sexual
1143;nookie;sexual
1144;nooner;sexual
1145;nude;sexual
1146;nutsack;sexual
1147;orgasim;sexual
1148;orgasm;sexual
1149;panooch;sexual
1150;pearlnecklace;sexual
1151;pecker;sexual
1152;peehole;sexual
1153;peni5;sexual
1154;penile;sexual
1155;penis;sexual
1156;penisbanger;sexual
1157;penises;sexual
1158;penisfucker;sexual
1159;penispuffer;sexual
1160;phonesex;sexual
1161;pindick;sexual
1162;pissflaps;sexual
1163;playboy;sexual
1164;playgirl;sexual
1165;polesmoker;sexual
1166;poon;sexual
1167;poonani;sexual
1168;poontang;sexual
1169;porn;sexual
1170;pornflick;sexual
1171;pornking;sexual
1172;porno;sexual
1173;pornography;sexual
1174;pornprincess;sexual
1175;prostitute;sexual
1176;pu55i;sexual
1177;pu55y;sexual
1178;pube;sexual
1179;pud;sexual
1180;pudboy;sexual
1181;pudd;sexual
1182;puddboy;sexual
1183;puntang;sexual
1184;puss;sexual
1185;pussie;sexual
1186;pussies;sexual
1187;pussycat;sexual
1188;pussyeater;sexual
1189;pussyfucker;sexual
1190;pussylicker;sexual
1191;pussylicking;sexual
1192;pussylips;sexual
1193;pussylover;sexual
1194;pussypounder;sexual
1195;pusy;sexual
1196;queerhole;sexual
1197;quim;sexual
1198;rape;sexual
1199;raped;sexual
1200;raper;sexual
1201;rapist;sexual
1202;rentafuck;sexual
1203;rimjob;sexual
1204;schlong;sexual
1205;semen;sexual
1206;sixtynine;sexual
1207;sixtyniner;sexual
1208;skanky;sexual
1209;skinflute;sexual
1210;skullfuck;sexual
1211;slut;sexual
1212;slutbag;sexual
1213;sluts;sexual
1214;slutt;sexual
1215;slutting;sexual
1216;slutty;sexual
1217;slutwhore;sexual
1218;snatch;sexual
1219;sodom;sexual
1220;sodomise;sexual
1221;sodomite;sexual
1222;sodomize;sexual
1223;sodomy;sexual
1224;spank;sexual
1225;spermbag;sexual
1226;spermhearder;sexual
1227;spermherder;sexual
1228;spooge;sexual
1229;stiffy;sexual
1230;suckdick;sexual
1231;suckme;sexual
1232;suckmytit;sexual
1233;testicles;sexual
1234;titbitnipply;sexual
1235;titfucker;sexual
1236;titfuckin;sexual
1237;tittie;sexual
1238;titties;sexual
1239;titty;sexual
1240;tittyfuck;sexual
1241;transexual;sexual
1242;transsexual;sexual
1243;transvestite;sexual
1244;trisexual;sexual
1245;twat;sexual
1246;twatwaffle;sexual
1247;twobitwhore;sexual
1248;uck;sexual
1249;unclefucker;sexual
1250;unfuckable;sexual
1251;uptheass;sexual
1252;vag;sexual
1253;vaginal;sexual
1254;vajayjay;sexual
1255;virginbreaker;sexual
1256;vjayjay;sexual
1257;wank;sexual
1258;wanker;sexual
1259;wanking;sexual
1260;wankjob;sexual
1261;wetspot;sexual
1262;whorefucker;sexual
1263;williewanker;sexual
1264;vagina;sexual
1265;vaginas;sexual
1266;cumslut;sexual violence
1267;cuntslut;sexual violence
1268;dahmer;sexual violence
1269;feeder;sexual violence
1270;carousel;sexual violence
1271;gangbanged;sexual violence
1272;gangbangs;sexual violence
1273;pound;sexual violence
1274;annihilate;violent language
1275;assail;violent language
1276;assassinate;violent language
1277;assault;violent language
1278;attack;violent language
1279;bang;violent language
1280;batter;violent language
1281;blast;violent language
1282;bruise;violent language
1283;brutalise;violent language
1284;burn;violent language
1285;bust;violent language
1286;butcher;violent language
1287;choke;violent language
1288;clobber;violent language
1289;concuss;violent language
1290;constrain;violent language
1291;crack;violent language
1292;crush;violent language
1293;cut;violent language
1294;decimate;violent language
1295;demolish;violent language
1296;dispose;violent language
1297;drown;violent language
1298;enslave;violent language
1299;exterminate;violent language
1300;finish;violent language
1301;flagellate;violent language
1302;force;violent language
1303;gag;violent language
1304;hit;violent language
1305;kick;violent language
1306;kill;violent language
1307;maul;violent language
1308;murder;violent language
1309;obliterate;violent language
1310;pelt;violent language
1311;plunk;violent language
1312;pounce;violent language
1313;pummel;violent language
1314;punch;violent language
1315;raid;violent language
1316;ram;violent language
1317;shake;violent language
1318;shoot;violent language
1319;shove;violent language
1320;slam;violent language
1321;slap;violent language
1322;slaughter;violent language
1323;slog;violent language
1324;smack;violent language
1325;smash;violent language
1326;smother;violent language
1327;stab;violent language
1328;strangle;violent language
1329;strike;violent language
1330;strongarm;violent language
1331;thrash;violent language
1332;thresh;violent language
1333;thwack;violent language
1334;trample;violent language
1335;trounce;violent language
1336;vaporize;violent language
1337;wallop;violent language
1338;whip;violent language